caldt,sp500,sp500_ret
1871-02-01,4.5,0.013513513513513375
1871-03-01,4.61,0.02444444444444449
1871-04-01,4.74,0.02819956616052055
1871-05-01,4.86,0.025316455696202445
1871-06-01,4.82,-0.008230452674897082
1871-07-01,4.73,-0.018672199170124415
1871-08-01,4.79,0.012684989429175397
1871-09-01,4.84,0.010438413361169019
1871-10-01,4.59,-0.051652892561983466
1871-11-01,4.64,0.01089324618736387
1871-12-01,4.74,0.02155172413793105
1872-01-01,4.86,0.025316455696202445
1872-02-01,4.88,0.00411522633744843
1872-03-01,5.04,0.032786885245901676
1872-04-01,5.18,0.02777777777777768
1872-05-01,5.18,0.0
1872-06-01,5.13,-0.009652509652509633
1872-07-01,5.1,-0.005847953216374324
1872-08-01,5.04,-0.0117647058823529
1872-09-01,4.95,-0.017857142857142794
1872-10-01,4.97,0.004040404040403844
1872-11-01,4.95,-0.004024144869215207
1872-12-01,5.07,0.024242424242424176
1873-01-01,5.11,0.007889546351084853
1873-02-01,5.15,0.007827788649706457
1873-03-01,5.11,-0.007766990291262155
1873-04-01,5.04,-0.013698630136986356
1873-05-01,5.05,0.001984126984126977
1873-06-01,4.98,-0.013861386138613763
1873-07-01,4.97,-0.002008032128514192
1873-08-01,4.97,0.0
1873-09-01,4.59,-0.07645875251509049
1873-10-01,4.19,-0.08714596949891051
1873-11-01,4.04,-0.0357995226730311
1873-12-01,4.42,0.09405940594059414
1874-01-01,4.66,0.05429864253393668
1874-02-01,4.8,0.030042918454935563
1874-03-01,4.73,-0.01458333333333317
1874-04-01,4.6,-0.02748414376321373
1874-05-01,4.48,-0.02608695652173898
1874-06-01,4.46,-0.0044642857142858094
1874-07-01,4.46,0.0
1874-08-01,4.47,0.0022421524663676085
1874-09-01,4.54,0.015659955257270708
1874-10-01,4.53,-0.0022026431718060735
1874-11-01,4.57,0.008830022075055233
1874-12-01,4.54,-0.006564551422319487
1875-01-01,4.54,0.0
1875-02-01,4.53,-0.0022026431718060735
1875-03-01,4.59,0.013245033112582627
1875-04-01,4.65,0.013071895424836777
1875-05-01,4.47,-0.03870967741935494
1875-06-01,4.38,-0.020134228187919434
1875-07-01,4.39,0.0022831050228309113
1875-08-01,4.41,0.004555808656036442
1875-09-01,4.37,-0.009070294784580546
1875-10-01,4.3,-0.016018306636155666
1875-11-01,4.37,0.016279069767441978
1875-12-01,4.37,0.0
1876-01-01,4.46,0.020594965675057253
1876-02-01,4.52,0.013452914798206095
1876-03-01,4.51,-0.0022123893805309214
1876-04-01,4.34,-0.037694013303769425
1876-05-01,4.18,-0.03686635944700467
1876-06-01,4.15,-0.007177033492822837
1876-07-01,4.1,-0.012048192771084487
1876-08-01,3.93,-0.04146341463414627
1876-09-01,3.69,-0.06106870229007644
1876-10-01,3.67,-0.005420054200542035
1876-11-01,3.6,-0.019073569482288777
1876-12-01,3.58,-0.005555555555555536
1877-01-01,3.55,-0.008379888268156499
1877-02-01,3.34,-0.05915492957746482
1877-03-01,3.17,-0.050898203592814384
1877-04-01,2.94,-0.0725552050473186
1877-05-01,2.94,0.0
1877-06-01,2.73,-0.0714285714285714
1877-07-01,2.85,0.04395604395604402
1877-08-01,3.05,0.07017543859649122
1877-09-01,3.24,0.06229508196721323
1877-10-01,3.31,0.021604938271604812
1877-11-01,3.26,-0.015105740181268978
1877-12-01,3.25,-0.0030674846625766694
1878-01-01,3.25,0.0
1878-02-01,3.18,-0.021538461538461506
1878-03-01,3.24,0.018867924528301883
1878-04-01,3.33,0.02777777777777768
1878-05-01,3.34,0.0030030030030030463
1878-06-01,3.41,0.020958083832335328
1878-07-01,3.48,0.02052785923753664
1878-08-01,3.45,-0.008620689655172376
1878-09-01,3.52,0.020289855072463725
1878-10-01,3.48,-0.011363636363636354
1878-11-01,3.47,-0.002873563218390718
1878-12-01,3.45,-0.0057636887608069065
1879-01-01,3.58,0.03768115942028971
1879-02-01,3.71,0.03631284916201105
1879-03-01,3.65,-0.016172506738544534
1879-04-01,3.77,0.03287671232876721
1879-05-01,3.94,0.04509283819628651
1879-06-01,3.96,0.0050761421319796
1879-07-01,4.04,0.02020202020202011
1879-08-01,4.07,0.007425742574257432
1879-09-01,4.22,0.03685503685503666
1879-10-01,4.68,0.1090047393364928
1879-11-01,4.93,0.05341880341880345
1879-12-01,4.92,-0.0020283975659228792
1880-01-01,5.11,0.03861788617886197
1880-02-01,5.2,0.017612524461839474
1880-03-01,5.3,0.019230769230769162
1880-04-01,5.18,-0.02264150943396226
1880-05-01,4.77,-0.07915057915057921
1880-06-01,4.79,0.004192872117400492
1880-07-01,5.01,0.045929018789143905
1880-08-01,5.19,0.03592814371257491
1880-09-01,5.18,-0.0019267822736032114
1880-10-01,5.33,0.02895752895752901
1880-11-01,5.61,0.05253283302063805
1880-12-01,5.84,0.04099821746880572
1881-01-01,6.19,0.05993150684931514
1881-02-01,6.17,-0.003231017770597866
1881-03-01,6.24,0.011345218800648427
1881-04-01,6.22,-0.0032051282051283048
1881-05-01,6.5,0.045016077170418
1881-06-01,6.58,0.012307692307692353
1881-07-01,6.35,-0.0349544072948329
1881-08-01,6.2,-0.023622047244094446
1881-09-01,6.25,0.008064516129032251
1881-10-01,6.15,-0.015999999999999903
1881-11-01,6.19,0.006504065040650486
1881-12-01,6.01,-0.029079159935379795
1882-01-01,5.92,-0.014975041597337757
1882-02-01,5.79,-0.02195945945945943
1882-03-01,5.78,-0.0017271157167529916
1882-04-01,5.78,0.0
1882-05-01,5.71,-0.01211072664359869
1882-06-01,5.68,-0.005253940455341555
1882-07-01,6.0,0.05633802816901423
1882-08-01,6.18,0.030000000000000027
1882-09-01,6.24,0.009708737864077666
1882-10-01,6.07,-0.027243589743589758
1882-11-01,5.81,-0.042833607907743154
1882-12-01,5.84,0.005163511187607606
1883-01-01,5.81,-0.005136986301369939
1883-02-01,5.68,-0.022375215146299476
1883-03-01,5.75,0.012323943661971981
1883-04-01,5.87,0.02086956521739136
1883-05-01,5.77,-0.017035775127768438
1883-06-01,5.82,0.008665511265164794
1883-07-01,5.73,-0.015463917525773141
1883-08-01,5.47,-0.04537521815008738
1883-09-01,5.53,0.010968921389396868
1883-10-01,5.38,-0.027124773960217063
1883-11-01,5.46,0.014869888475836479
1883-12-01,5.34,-0.02197802197802201
1884-01-01,5.18,-0.029962546816479474
1884-02-01,5.32,0.027027027027027195
1884-03-01,5.3,-0.00375939849624074
1884-04-01,5.06,-0.04528301886792452
1884-05-01,4.65,-0.08102766798418959
1884-06-01,4.46,-0.04086021505376347
1884-07-01,4.46,0.0
1884-08-01,4.74,0.06278026905829592
1884-09-01,4.59,-0.03164556962025322
1884-10-01,4.44,-0.03267973856209139
1884-11-01,4.35,-0.020270270270270396
1884-12-01,4.34,-0.0022988505747125743
1885-01-01,4.24,-0.02304147465437778
1885-02-01,4.37,0.030660377358490587
1885-03-01,4.38,0.0022883295194506825
1885-04-01,4.37,-0.0022831050228310223
1885-05-01,4.32,-0.011441647597253968
1885-06-01,4.3,-0.004629629629629761
1885-07-01,4.46,0.037209302325581506
1885-08-01,4.71,0.056053811659192876
1885-09-01,4.65,-0.0127388535031846
1885-10-01,4.92,0.05806451612903207
1885-11-01,5.24,0.0650406504065042
1885-12-01,5.2,-0.007633587786259555
1886-01-01,5.2,0.0
1886-02-01,5.3,0.019230769230769162
1886-03-01,5.19,-0.02075471698113196
1886-04-01,5.12,-0.013487475915221592
1886-05-01,5.02,-0.01953125000000011
1886-06-01,5.25,0.045816733067729265
1886-07-01,5.33,0.015238095238095273
1886-08-01,5.37,0.007504690431519689
1886-09-01,5.51,0.02607076350093096
1886-10-01,5.65,0.025408348457350405
1886-11-01,5.79,0.024778761061946764
1886-12-01,5.64,-0.02590673575129543
1887-01-01,5.58,-0.010638297872340385
1887-02-01,5.54,-0.007168458781361964
1887-03-01,5.67,0.023465703971119023
1887-04-01,5.8,0.022927689594356204
1887-05-01,5.9,0.017241379310344973
1887-06-01,5.73,-0.028813559322033888
1887-07-01,5.59,-0.02443280977312401
1887-08-01,5.45,-0.025044722719141266
1887-09-01,5.38,-0.012844036697247763
1887-10-01,5.2,-0.03345724907063197
1887-11-01,5.3,0.019230769230769162
1887-12-01,5.27,-0.005660377358490565
1888-01-01,5.31,0.007590132827324458
1888-02-01,5.28,-0.005649717514124131
1888-03-01,5.08,-0.037878787878787956
1888-04-01,5.1,0.003937007874015741
1888-05-01,5.17,0.013725490196078383
1888-06-01,5.01,-0.030947775628626717
1888-07-01,5.14,0.02594810379241519
1888-08-01,5.25,0.021400778210116878
1888-09-01,5.38,0.024761904761904763
1888-10-01,5.35,-0.005576208178438735
1888-11-01,5.24,-0.020560747663551315
1888-12-01,5.14,-0.019083969465648942
1889-01-01,5.24,0.01945525291828809
1889-02-01,5.3,0.011450381679389166
1889-03-01,5.19,-0.02075471698113196
1889-04-01,5.18,-0.0019267822736032114
1889-05-01,5.32,0.027027027027027195
1889-06-01,5.41,0.016917293233082775
1889-07-01,5.3,-0.020332717190388205
1889-08-01,5.37,0.013207547169811429
1889-09-01,5.5,0.024208566108007368
1889-10-01,5.4,-0.018181818181818077
1889-11-01,5.35,-0.009259259259259411
1889-12-01,5.32,-0.005607476635513864
1890-01-01,5.38,0.011278195488721776
1890-02-01,5.32,-0.011152416356877248
1890-03-01,5.28,-0.007518796992481258
1890-04-01,5.39,0.02083333333333326
1890-05-01,5.62,0.04267161410018572
1890-06-01,5.58,-0.007117437722419906
1890-07-01,5.54,-0.007168458781361964
1890-08-01,5.41,-0.023465703971119134
1890-09-01,5.32,-0.01663585951940849
1890-10-01,5.08,-0.045112781954887216
1890-11-01,4.71,-0.07283464566929132
1890-12-01,4.6,-0.023354564755838747
1891-01-01,4.84,0.052173913043478404
1891-02-01,4.9,0.012396694214876103
1891-03-01,4.81,-0.01836734693877562
1891-04-01,4.97,0.033264033264033266
1891-05-01,4.95,-0.004024144869215207
1891-06-01,4.85,-0.020202020202020332
1891-07-01,4.77,-0.016494845360824795
1891-08-01,4.93,0.033542976939203495
1891-09-01,5.33,0.08113590263691695
1891-10-01,5.33,0.0
1891-11-01,5.25,-0.015009380863039379
1891-12-01,5.41,0.030476190476190546
1892-01-01,5.51,0.01848428835489835
1892-02-01,5.52,0.001814882032667775
1892-03-01,5.58,0.010869565217391353
1892-04-01,5.57,-0.0017921146953404632
1892-05-01,5.57,0.0
1892-06-01,5.54,-0.0053859964093357915
1892-07-01,5.54,0.0
1892-08-01,5.62,0.014440433212996373
1892-09-01,5.48,-0.02491103202846967
1892-10-01,5.59,0.02007299270072993
1892-11-01,5.57,-0.003577817531305816
1892-12-01,5.51,-0.010771992818671583
1893-01-01,5.61,0.01814882032667886
1893-02-01,5.51,-0.01782531194295911
1893-03-01,5.31,-0.03629764065335761
1893-04-01,5.31,0.0
1893-05-01,4.84,-0.08851224105461386
1893-06-01,4.61,-0.04752066115702469
1893-07-01,4.18,-0.09327548806941444
1893-08-01,4.08,-0.023923444976076458
1893-09-01,4.37,0.07107843137254899
1893-10-01,4.5,0.029748283752860427
1893-11-01,4.57,0.015555555555555545
1893-12-01,4.41,-0.035010940919037226
1894-01-01,4.32,-0.020408163265306034
1894-02-01,4.38,0.01388888888888884
1894-03-01,4.51,0.029680365296803624
1894-04-01,4.57,0.01330376940133049
1894-05-01,4.4,-0.03719912472647702
1894-06-01,4.34,-0.01363636363636378
1894-07-01,4.25,-0.020737327188940058
1894-08-01,4.41,0.03764705882352937
1894-09-01,4.48,0.01587301587301604
1894-10-01,4.34,-0.03125000000000011
1894-11-01,4.34,0.0
1894-12-01,4.3,-0.009216589861751112
1895-01-01,4.25,-0.011627906976744096
1895-02-01,4.19,-0.014117647058823457
1895-03-01,4.19,0.0
1895-04-01,4.37,0.042959427207637235
1895-05-01,4.61,0.05491990846681927
1895-06-01,4.7,0.019522776572667988
1895-07-01,4.72,0.004255319148936065
1895-08-01,4.79,0.014830508474576343
1895-09-01,4.82,0.006263048016701411
1895-10-01,4.75,-0.014522821576763545
1895-11-01,4.59,-0.03368421052631587
1895-12-01,4.32,-0.05882352941176461
1896-01-01,4.27,-0.011574074074074292
1896-02-01,4.45,0.042154566744730726
1896-03-01,4.38,-0.01573033707865179
1896-04-01,4.42,0.009132420091324311
1896-05-01,4.4,-0.004524886877827927
1896-06-01,4.32,-0.018181818181818188
1896-07-01,4.04,-0.06481481481481488
1896-08-01,3.81,-0.05693069306930698
1896-09-01,4.01,0.052493438320209806
1896-10-01,4.1,0.02244389027431426
1896-11-01,4.38,0.06829268292682933
1896-12-01,4.22,-0.0365296803652968
1897-01-01,4.22,0.0
1897-02-01,4.18,-0.009478672985781977
1897-03-01,4.19,0.0023923444976077235
1897-04-01,4.06,-0.031026252983293756
1897-05-01,4.08,0.0049261083743843415
1897-06-01,4.27,0.04656862745098023
1897-07-01,4.46,0.04449648711943799
1897-08-01,4.75,0.06502242152466375
1897-09-01,4.98,0.04842105263157914
1897-10-01,4.82,-0.032128514056224966
1897-11-01,4.65,-0.03526970954356845
1897-12-01,4.75,0.021505376344086002
1898-01-01,4.88,0.027368421052631486
1898-02-01,4.87,-0.002049180327868827
1898-03-01,4.65,-0.045174537987679675
1898-04-01,4.57,-0.017204301075268824
1898-05-01,4.87,0.06564551422319465
1898-06-01,5.06,0.03901437371663241
1898-07-01,5.08,0.0039525691699606735
1898-08-01,5.27,0.03740157480314954
1898-09-01,5.26,-0.001897533206831059
1898-10-01,5.15,-0.02091254752851701
1898-11-01,5.32,0.03300970873786402
1898-12-01,5.65,0.06203007518796988
1899-01-01,6.08,0.07610619469026547
1899-02-01,6.31,0.03782894736842102
1899-03-01,6.4,0.014263074484944571
1899-04-01,6.48,0.012499999999999956
1899-05-01,6.21,-0.04166666666666674
1899-06-01,6.07,-0.02254428341384862
1899-07-01,6.28,0.034596375617792496
1899-08-01,6.44,0.02547770700636942
1899-09-01,6.37,-0.010869565217391353
1899-10-01,6.34,-0.004709576138147598
1899-11-01,6.46,0.018927444794952786
1899-12-01,6.02,-0.06811145510835914
1900-01-01,6.1,0.013289036544850585
1900-02-01,6.21,0.0180327868852459
1900-03-01,6.26,0.008051529790660261
1900-04-01,6.34,0.012779552715654896
1900-05-01,6.04,-0.04731861198738163
1900-06-01,5.86,-0.02980132450331119
1900-07-01,5.86,0.0
1900-08-01,5.94,0.013651877133105783
1900-09-01,5.8,-0.023569023569023684
1900-10-01,6.01,0.036206896551724155
1900-11-01,6.48,0.07820299500831962
1900-12-01,6.87,0.06018518518518512
1901-01-01,7.07,0.02911208151382816
1901-02-01,7.25,0.02545968882602545
1901-03-01,7.51,0.035862068965517135
1901-04-01,8.14,0.08388814913448739
1901-05-01,7.73,-0.05036855036855037
1901-06-01,8.5,0.09961190168175937
1901-07-01,7.93,-0.06705882352941184
1901-08-01,8.04,0.013871374527112179
1901-09-01,8.0,-0.004975124378109319
1901-10-01,7.91,-0.011249999999999982
1901-11-01,8.08,0.02149178255372952
1901-12-01,7.95,-0.016089108910891103
1902-01-01,8.12,0.02138364779874191
1902-02-01,8.19,0.008620689655172376
1902-03-01,8.2,0.0012210012210012167
1902-04-01,8.48,0.034146341463414887
1902-05-01,8.46,-0.002358490566037652
1902-06-01,8.41,-0.005910165484633634
1902-07-01,8.6,0.022592152199762072
1902-08-01,8.83,0.02674418604651163
1902-09-01,8.85,0.0022650056625141968
1902-10-01,8.57,-0.031638418079095953
1902-11-01,8.24,-0.03850641773628938
1902-12-01,8.05,-0.0230582524271844
1903-01-01,8.46,0.05093167701863366
1903-02-01,8.41,-0.005910165484633634
1903-03-01,8.08,-0.03923900118906065
1903-04-01,7.75,-0.04084158415841588
1903-05-01,7.6,-0.01935483870967747
1903-06-01,7.18,-0.05526315789473679
1903-07-01,6.85,-0.04596100278551529
1903-08-01,6.63,-0.03211678832116782
1903-09-01,6.47,-0.02413273001508298
1903-10-01,6.26,-0.03245749613601234
1903-11-01,6.28,0.0031948881789138905
1903-12-01,6.57,0.04617834394904463
1904-01-01,6.68,0.016742770167427645
1904-02-01,6.5,-0.026946107784431073
1904-03-01,6.48,-0.003076923076922977
1904-04-01,6.64,0.024691358024691246
1904-05-01,6.5,-0.02108433734939752
1904-06-01,6.51,0.0015384615384614886
1904-07-01,6.78,0.04147465437788034
1904-08-01,7.01,0.03392330383480813
1904-09-01,7.32,0.04422253922967201
1904-10-01,7.75,0.058743169398907114
1904-11-01,8.17,0.05419354838709678
1904-12-01,8.25,0.009791921664626724
1905-01-01,8.43,0.021818181818181737
1905-02-01,8.8,0.043890865954923086
1905-03-01,9.05,0.02840909090909083
1905-04-01,8.94,-0.012154696132596787
1905-05-01,8.5,-0.04921700223713643
1905-06-01,8.6,0.0117647058823529
1905-07-01,8.87,0.03139534883720918
1905-08-01,9.2,0.03720405862457721
1905-09-01,9.23,0.003260869565217428
1905-10-01,9.36,0.014084507042253502
1905-11-01,9.31,-0.005341880341880212
1905-12-01,9.54,0.02470461868958096
1906-01-01,9.87,0.03459119496855356
1906-02-01,9.8,-0.007092198581560183
1906-03-01,9.56,-0.02448979591836742
1906-04-01,9.43,-0.013598326359832713
1906-05-01,9.18,-0.026511134676564185
1906-06-01,9.3,0.013071895424836777
1906-07-01,9.06,-0.02580645161290329
1906-08-01,9.73,0.07395143487858724
1906-09-01,10.03,0.03083247687564228
1906-10-01,9.73,-0.029910269192422678
1906-11-01,9.93,0.020554984583761593
1906-12-01,9.84,-0.009063444108761365
1907-01-01,9.56,-0.028455284552845517
1907-02-01,9.26,-0.03138075313807542
1907-03-01,8.35,-0.09827213822894165
1907-04-01,8.39,0.004790419161676773
1907-05-01,8.1,-0.03456495828367112
1907-06-01,7.84,-0.032098765432098775
1907-07-01,8.14,0.03826530612244916
1907-08-01,7.53,-0.07493857493857492
1907-09-01,7.45,-0.010624169986719778
1907-10-01,6.64,-0.10872483221476514
1907-11-01,6.25,-0.0587349397590361
1907-12-01,6.57,0.051200000000000134
1908-01-01,6.85,0.0426179604261796
1908-02-01,6.6,-0.03649635036496346
1908-03-01,6.87,0.040909090909091006
1908-04-01,7.24,0.05385735080058218
1908-05-01,7.63,0.05386740331491713
1908-06-01,7.64,0.001310615989515096
1908-07-01,7.92,0.03664921465968596
1908-08-01,8.26,0.04292929292929282
1908-09-01,8.17,-0.010895883777239712
1908-10-01,8.27,0.012239902080783294
1908-11-01,8.83,0.06771463119709797
1908-12-01,9.03,0.022650056625141524
1909-01-01,9.06,0.0033222591362127574
1909-02-01,8.8,-0.028697571743929284
1909-03-01,8.92,0.013636363636363447
1909-04-01,9.32,0.04484304932735439
1909-05-01,9.63,0.03326180257510725
1909-06-01,9.8,0.017653167185877505
1909-07-01,9.94,0.014285714285714235
1909-08-01,10.18,0.024144869215291687
1909-09-01,10.19,0.0009823182711197198
1909-10-01,10.23,0.003925417075564264
1909-11-01,10.18,-0.00488758553274693
1909-12-01,10.3,0.011787819253438192
1910-01-01,10.08,-0.021359223300970953
1910-02-01,9.72,-0.0357142857142857
1910-03-01,9.96,0.024691358024691468
1910-04-01,9.72,-0.02409638554216864
1910-05-01,9.56,-0.016460905349794275
1910-06-01,9.1,-0.04811715481171552
1910-07-01,8.64,-0.05054945054945048
1910-08-01,8.85,0.024305555555555358
1910-09-01,8.91,0.006779661016949268
1910-10-01,9.32,0.04601571268237947
1910-11-01,9.31,-0.0010729613733905241
1910-12-01,9.05,-0.027926960257787292
1911-01-01,9.27,0.024309392265193353
1911-02-01,9.43,0.01725997842502691
1911-03-01,9.32,-0.01166489925768821
1911-04-01,9.28,-0.0042918454935623185
1911-05-01,9.48,0.02155172413793105
1911-06-01,9.67,0.020042194092827037
1911-07-01,9.63,-0.00413650465356763
1911-08-01,9.17,-0.047767393561786164
1911-09-01,8.67,-0.05452562704471098
1911-10-01,8.72,0.005767012687428075
1911-11-01,9.07,0.04013761467889898
1911-12-01,9.11,0.004410143329658167
1912-01-01,9.12,0.001097694840834329
1912-02-01,9.04,-0.00877192982456143
1912-03-01,9.3,0.028761061946902755
1912-04-01,9.59,0.03118279569892457
1912-05-01,9.58,-0.0010427528675703845
1912-06-01,9.58,0.0
1912-07-01,9.59,0.0010438413361169019
1912-08-01,9.81,0.02294056308654846
1912-09-01,9.86,0.0050968399592252744
1912-10-01,9.84,-0.0020283975659228792
1912-11-01,9.73,-0.011178861788617822
1912-12-01,9.38,-0.03597122302158273
1913-01-01,9.3,-0.008528784648187626
1913-02-01,8.97,-0.03548387096774197
1913-03-01,8.8,-0.018952062430323324
1913-04-01,8.79,-0.001136363636363824
1913-05-01,8.55,-0.027303754266211455
1913-06-01,8.12,-0.05029239766081883
1913-07-01,8.23,0.013546798029556717
1913-08-01,8.45,0.02673147023086253
1913-09-01,8.53,0.00946745562130169
1913-10-01,8.26,-0.03165298944900352
1913-11-01,8.05,-0.025423728813559254
1913-12-01,8.04,-0.001242236024844967
1914-01-01,8.37,0.04104477611940305
1914-02-01,8.48,0.0131421744324971
1914-03-01,8.32,-0.018867924528301883
1914-04-01,8.12,-0.024038461538461675
1914-05-01,8.17,0.006157635467980427
1914-06-01,8.13,-0.004895960832313251
1914-07-01,7.68,-0.055350553505535194
1914-08-01,7.68,0.0
1914-09-01,7.68,0.0
1914-10-01,7.68,0.0
1914-11-01,7.68,0.0
1914-12-01,7.35,-0.04296875
1915-01-01,7.48,0.017687074829932037
1915-02-01,7.38,-0.013368983957219305
1915-03-01,7.57,0.0257452574525745
1915-04-01,8.14,0.07529722589167775
1915-05-01,7.95,-0.023341523341523396
1915-06-01,8.04,0.011320754716980908
1915-07-01,8.01,-0.003731343283582045
1915-08-01,8.35,0.0424469413233457
1915-09-01,8.66,0.037125748502994105
1915-10-01,9.14,0.05542725173210172
1915-11-01,9.46,0.03501094091903734
1915-12-01,9.48,0.0021141649048626032
1916-01-01,9.33,-0.015822784810126667
1916-02-01,9.2,-0.01393354769560562
1916-03-01,9.17,-0.003260869565217317
1916-04-01,9.07,-0.010905125408942173
1916-05-01,9.27,0.022050716648291058
1916-06-01,9.36,0.009708737864077666
1916-07-01,9.23,-0.013888888888888729
1916-08-01,9.3,0.007583965330444142
1916-09-01,9.68,0.04086021505376336
1916-10-01,9.98,0.030991735537190257
1916-11-01,10.21,0.023046092184368705
1916-12-01,9.8,-0.04015670910871694
1917-01-01,9.57,-0.0234693877551021
1917-02-01,9.03,-0.056426332288401326
1917-03-01,9.31,0.03100775193798455
1917-04-01,9.17,-0.015037593984962516
1917-05-01,8.86,-0.03380588876772084
1917-06-01,9.04,0.020316027088036037
1917-07-01,8.79,-0.027654867256637128
1917-08-01,8.53,-0.029579067121729197
1917-09-01,8.12,-0.04806565064478319
1917-10-01,7.68,-0.054187192118226535
1917-11-01,7.04,-0.08333333333333326
1917-12-01,6.8,-0.03409090909090917
1918-01-01,7.21,0.06029411764705883
1918-02-01,7.43,0.030513176144244092
1918-03-01,7.28,-0.020188425302826274
1918-04-01,7.21,-0.009615384615384692
1918-05-01,7.44,0.03190013869625519
1918-06-01,7.45,0.0013440860215052641
1918-07-01,7.51,0.00805369127516764
1918-08-01,7.58,0.009320905459387463
1918-09-01,7.54,-0.00527704485488123
1918-10-01,7.86,0.04244031830238737
1918-11-01,8.06,0.025445292620865256
1918-12-01,7.9,-0.01985111662531014
1919-01-01,7.85,-0.006329113924050778
1919-02-01,7.88,0.003821656050955413
1919-03-01,8.12,0.030456852791878042
1919-04-01,8.39,0.03325123152709386
1919-05-01,8.97,0.06912991656734202
1919-06-01,9.21,0.026755852842809347
1919-07-01,9.51,0.03257328990227992
1919-08-01,8.87,-0.06729758149316512
1919-09-01,9.01,0.015783540022547893
1919-10-01,9.47,0.05105438401775819
1919-11-01,9.19,-0.029567053854276826
1919-12-01,8.92,-0.029379760609357986
1920-01-01,8.83,-0.010089686098654682
1920-02-01,8.1,-0.08267270668176674
1920-03-01,8.67,0.07037037037037042
1920-04-01,8.6,-0.008073817762399127
1920-05-01,8.06,-0.06279069767441847
1920-06-01,7.92,-0.017369727047146455
1920-07-01,7.91,-0.0012626262626261875
1920-08-01,7.6,-0.03919089759797734
1920-09-01,7.87,0.03552631578947385
1920-10-01,7.88,0.0012706480304955914
1920-11-01,7.48,-0.050761421319796884
1920-12-01,6.81,-0.08957219251336912
1921-01-01,7.11,0.04405286343612347
1921-02-01,7.06,-0.007032348804500765
1921-03-01,6.88,-0.025495750708215303
1921-04-01,6.91,0.0043604651162791885
1921-05-01,7.12,0.03039073806078152
1921-06-01,6.55,-0.0800561797752809
1921-07-01,6.53,-0.003053435114503733
1921-08-01,6.45,-0.012251148545176171
1921-09-01,6.61,0.024806201550387597
1921-10-01,6.7,0.013615733736762392
1921-11-01,7.06,0.05373134328358198
1921-12-01,7.31,0.03541076487252126
1922-01-01,7.3,-0.001367989056087482
1922-02-01,7.46,0.021917808219177992
1922-03-01,7.74,0.03753351206434319
1922-04-01,8.21,0.06072351421188649
1922-05-01,8.53,0.03897685749086466
1922-06-01,8.45,-0.009378663540445475
1922-07-01,8.51,0.007100591715976323
1922-08-01,8.83,0.03760282021151595
1922-09-01,9.06,0.02604756511891293
1922-10-01,9.26,0.02207505518763786
1922-11-01,8.8,-0.049676025917926414
1922-12-01,8.78,-0.002272727272727426
1923-01-01,8.9,0.013667425968109548
1923-02-01,9.28,0.04269662921348294
1923-03-01,9.43,0.0161637931034484
1923-04-01,9.1,-0.03499469777306474
1923-05-01,8.67,-0.047252747252747196
1923-06-01,8.34,-0.03806228373702425
1923-07-01,8.06,-0.033573141486810454
1923-08-01,8.1,0.004962779156327368
1923-09-01,8.15,0.006172839506172867
1923-10-01,8.03,-0.014723926380368235
1923-11-01,8.27,0.029887920298879322
1923-12-01,8.55,0.0338573155985491
1924-01-01,8.83,0.03274853801169586
1924-02-01,8.87,0.0045300113250281715
1924-03-01,8.7,-0.01916572717023679
1924-04-01,8.5,-0.02298850574712641
1924-05-01,8.47,-0.003529411764705781
1924-06-01,8.63,0.018890200708382432
1924-07-01,9.03,0.04634994206257215
1924-08-01,9.34,0.034330011074197087
1924-09-01,9.25,-0.009635974304068484
1924-10-01,9.13,-0.01297297297297284
1924-11-01,9.64,0.0558598028477546
1924-12-01,10.16,0.053941908713692976
1925-01-01,10.58,0.04133858267716528
1925-02-01,10.67,0.008506616257088817
1925-03-01,10.39,-0.026241799437675684
1925-04-01,10.28,-0.010587102983638186
1925-05-01,10.61,0.032101167315175205
1925-06-01,10.8,0.017907634307257503
1925-07-01,11.1,0.02777777777777768
1925-08-01,11.25,0.013513513513513598
1925-09-01,11.51,0.023111111111111082
1925-10-01,11.89,0.0330147697654215
1925-11-01,12.26,0.03111858704793935
1925-12-01,12.46,0.016313213703099683
1926-01-01,12.65,0.015248796147672605
1926-02-01,12.67,0.0015810276679841806
1926-03-01,11.81,-0.06787687450670876
1926-04-01,11.48,-0.02794242167654526
1926-05-01,11.56,0.006968641114982521
1926-06-01,12.11,0.04757785467128017
1926-07-01,12.62,0.04211395540875307
1926-08-01,13.12,0.03961965134706813
1926-09-01,13.32,0.015243902439024515
1926-10-01,13.02,-0.022522522522522626
1926-11-01,13.19,0.013056835637480724
1926-12-01,13.49,0.022744503411675554
1927-01-01,13.4,-0.006671608598962209
1927-02-01,13.66,0.0194029850746269
1927-03-01,13.87,0.015373352855051259
1927-04-01,14.21,0.024513338139870333
1927-05-01,14.7,0.0344827586206895
1927-06-01,14.89,0.012925170068027292
1927-07-01,15.22,0.022162525184687754
1927-08-01,16.03,0.05321944809461243
1927-09-01,16.94,0.05676855895196509
1927-10-01,16.68,-0.015348288075560879
1927-11-01,17.06,0.02278177458033559
1927-12-01,17.46,0.023446658851113744
1928-01-01,17.53,0.004009163802978222
1928-02-01,17.32,-0.01197946377638337
1928-03-01,18.25,0.05369515011547343
1928-04-01,19.4,0.06301369863013684
1928-05-01,20.0,0.030927835051546504
1928-06-01,19.02,-0.049000000000000044
1928-07-01,19.16,0.007360672975814886
1928-08-01,19.78,0.03235908141962418
1928-09-01,21.17,0.07027300303336714
1928-10-01,21.6,0.02031176192725548
1928-11-01,23.06,0.06759259259259243
1928-12-01,23.15,0.0039028620988725837
1929-01-01,24.86,0.07386609071274308
1929-02-01,24.99,0.005229283990345834
1929-03-01,25.43,0.017607042817126883
1929-04-01,25.28,-0.005898545025560309
1929-05-01,25.66,0.015031645569620222
1929-06-01,26.15,0.019095869056897863
1929-07-01,28.48,0.08910133843212242
1929-08-01,30.1,0.05688202247191021
1929-09-01,31.3,0.039867109634551534
1929-10-01,27.99,-0.10575079872204485
1929-11-01,20.58,-0.2647374062165059
1929-12-01,21.4,0.03984450923226435
1930-01-01,21.71,0.014485981308411278
1930-02-01,23.07,0.06264394288346375
1930-03-01,23.94,0.03771131339401834
1930-04-01,25.46,0.06349206349206349
1930-05-01,23.94,-0.05970149253731338
1930-06-01,21.52,-0.10108604845446956
1930-07-01,21.06,-0.021375464684014855
1930-08-01,20.79,-0.012820512820512775
1930-09-01,20.78,-0.00048100048100041537
1930-10-01,17.92,-0.13763233878729542
1930-11-01,16.62,-0.0725446428571429
1930-12-01,15.51,-0.06678700361010836
1931-01-01,15.98,0.030303030303030276
1931-02-01,17.2,0.07634543178973718
1931-03-01,17.53,0.01918604651162803
1931-04-01,15.86,-0.09526525955504861
1931-05-01,14.33,-0.09646910466582592
1931-06-01,13.87,-0.032100488485694356
1931-07-01,14.33,0.03316510454217747
1931-08-01,13.9,-0.03000697836706212
1931-09-01,11.83,-0.1489208633093525
1931-10-01,10.25,-0.13355874894336428
1931-11-01,10.39,0.013658536585365866
1931-12-01,8.44,-0.18768046198267574
1932-01-01,8.3,-0.016587677725118377
1932-02-01,8.23,-0.008433734939759074
1932-03-01,8.26,0.0036452004860265674
1932-04-01,6.28,-0.23970944309927356
1932-05-01,5.51,-0.1226114649681529
1932-06-01,4.77,-0.1343012704174229
1932-07-01,5.01,0.05031446540880502
1932-08-01,7.53,0.5029940119760481
1932-09-01,8.26,0.09694555112881797
1932-10-01,7.12,-0.13801452784503632
1932-11-01,7.05,-0.0098314606741573
1932-12-01,6.82,-0.03262411347517724
1933-01-01,7.09,0.03958944281524923
1933-02-01,6.25,-0.11847672778561347
1933-03-01,6.23,-0.0031999999999999806
1933-04-01,6.89,0.10593900481540919
1933-05-01,8.87,0.2873730043541365
1933-06-01,10.39,0.17136414881623474
1933-07-01,11.23,0.08084696823869097
1933-08-01,10.67,-0.04986642920747997
1933-09-01,10.58,-0.008434864104967188
1933-10-01,9.55,-0.09735349716446118
1933-11-01,9.78,0.024083769633507668
1933-12-01,9.97,0.01942740286298572
1934-01-01,10.54,0.057171514543630675
1934-02-01,11.32,0.07400379506641386
1934-03-01,10.74,-0.051236749116607805
1934-04-01,10.92,0.016759776536312776
1934-05-01,9.81,-0.10164835164835162
1934-06-01,9.94,0.013251783893985625
1934-07-01,9.47,-0.0472837022132796
1934-08-01,9.1,-0.03907074973600855
1934-09-01,8.88,-0.02417582417582409
1934-10-01,8.95,0.007882882882882747
1934-11-01,9.2,0.027932960893854775
1934-12-01,9.26,0.006521739130434856
1935-01-01,9.26,0.0
1935-02-01,8.98,-0.030237580993520474
1935-03-01,8.41,-0.06347438752783963
1935-04-01,9.04,0.07491082045184294
1935-05-01,9.75,0.07853982300884965
1935-06-01,10.12,0.0379487179487179
1935-07-01,10.65,0.052371541501976315
1935-08-01,11.37,0.06760563380281681
1935-09-01,11.61,0.02110817941952514
1935-10-01,11.92,0.02670111972437561
1935-11-01,13.04,0.09395973154362403
1935-12-01,13.04,0.0
1936-01-01,13.76,0.05521472392638049
1936-02-01,14.55,0.057412790697674465
1936-03-01,14.86,0.02130584192439855
1936-04-01,14.88,0.0013458950201885589
1936-05-01,14.09,-0.053091397849462374
1936-06-01,14.69,0.04258339247693388
1936-07-01,15.56,0.05922396187882928
1936-08-01,15.87,0.019922879177377784
1936-09-01,16.05,0.011342155009451904
1936-10-01,16.89,0.0523364485981308
1936-11-01,17.36,0.027827116637063387
1936-12-01,17.06,-0.017281105990783474
1937-01-01,17.59,0.031066822977725783
1937-02-01,18.11,0.02956225127913581
1937-03-01,18.09,-0.001104362230811673
1937-04-01,17.01,-0.05970149253731338
1937-05-01,16.25,-0.044679600235155825
1937-06-01,15.64,-0.03753846153846152
1937-07-01,16.57,0.0594629156010229
1937-08-01,16.74,0.010259505129752489
1937-09-01,14.37,-0.1415770609318996
1937-10-01,12.28,-0.14544189283228948
1937-11-01,11.2,-0.08794788273615639
1937-12-01,11.02,-0.016071428571428514
1938-01-01,11.31,0.026315789473684292
1938-02-01,11.04,-0.023872679045092937
1938-03-01,10.31,-0.066123188405797
1938-04-01,9.89,-0.040737148399612066
1938-05-01,9.98,0.009100101112234471
1938-06-01,10.21,0.023046092184368705
1938-07-01,12.24,0.19882468168462286
1938-08-01,12.31,0.005718954248365993
1938-09-01,11.75,-0.04549147034930956
1938-10-01,13.06,0.11148936170212775
1938-11-01,13.07,0.0007656967840734552
1938-12-01,12.69,-0.029074215761285438
1939-01-01,12.5,-0.014972419227738287
1939-02-01,12.4,-0.008000000000000007
1939-03-01,12.39,-0.0008064516129031585
1939-04-01,10.83,-0.12590799031476996
1939-05-01,11.23,0.03693444136657442
1939-06-01,11.43,0.01780943900267129
1939-07-01,11.71,0.024496937882764858
1939-08-01,11.54,-0.014517506404782332
1939-09-01,12.77,0.10658578856152512
1939-10-01,12.9,0.01018010963195004
1939-11-01,12.67,-0.01782945736434116
1939-12-01,12.37,-0.023677979479084454
1940-01-01,12.3,-0.0056588520614387905
1940-02-01,12.22,-0.006504065040650375
1940-03-01,12.15,-0.005728314238952592
1940-04-01,12.27,0.00987654320987641
1940-05-01,10.58,-0.13773431132844327
1940-06-01,9.67,-0.0860113421550095
1940-07-01,9.99,0.033092037228541926
1940-08-01,10.2,0.02102102102102088
1940-09-01,10.63,0.04215686274509811
1940-10-01,10.73,0.00940733772342428
1940-11-01,10.98,0.02329916123019582
1940-12-01,10.53,-0.040983606557377095
1941-01-01,10.55,0.0018993352326686086
1941-02-01,9.89,-0.06255924170616112
1941-03-01,9.95,0.006066734074822833
1941-04-01,9.64,-0.031155778894472186
1941-05-01,9.43,-0.021784232365145262
1941-06-01,9.76,0.03499469777306463
1941-07-01,10.26,0.05122950819672134
1941-08-01,10.21,-0.004873294346978474
1941-09-01,10.24,0.002938295788442735
1941-10-01,9.83,-0.0400390625
1941-11-01,9.37,-0.046795523906409064
1941-12-01,8.76,-0.06510138740661686
1942-01-01,8.93,0.019406392694063967
1942-02-01,8.65,-0.03135498320268748
1942-03-01,8.18,-0.054335260115606965
1942-04-01,7.84,-0.041564792176039145
1942-05-01,7.93,0.011479591836734748
1942-06-01,8.33,0.05044136191677184
1942-07-01,8.64,0.037214885954381716
1942-08-01,8.59,-0.0057870370370370905
1942-09-01,8.68,0.010477299185098987
1942-10-01,9.32,0.07373271889400934
1942-11-01,9.47,0.016094420600858417
1942-12-01,9.52,0.0052798310454065245
1943-01-01,10.09,0.05987394957983194
1943-02-01,10.69,0.05946481665014858
1943-03-01,11.07,0.035547240411599734
1943-04-01,11.44,0.03342366757000903
1943-05-01,11.89,0.03933566433566438
1943-06-01,12.1,0.01766190075693852
1943-07-01,12.35,0.02066115702479343
1943-08-01,11.74,-0.04939271255060729
1943-09-01,11.99,0.021294718909710353
1943-10-01,11.88,-0.00917431192660545
1943-11-01,11.33,-0.04629629629629639
1943-12-01,11.48,0.013239187996469504
1944-01-01,11.85,0.03222996515679433
1944-02-01,11.77,-0.006751054852320637
1944-03-01,12.1,0.028037383177570208
1944-04-01,11.89,-0.017355371900826366
1944-05-01,12.1,0.01766190075693852
1944-06-01,12.67,0.04710743801652906
1944-07-01,13.0,0.026045777426992878
1944-08-01,12.81,-0.014615384615384586
1944-09-01,12.6,-0.016393442622950838
1944-10-01,12.91,0.024603174603174738
1944-11-01,12.82,-0.006971340046475594
1944-12-01,13.1,0.021840873634945357
1945-01-01,13.49,0.02977099236641223
1945-02-01,13.94,0.03335804299481082
1945-03-01,13.93,-0.0007173601147776321
1945-04-01,14.28,0.025125628140703515
1945-05-01,14.82,0.037815126050420256
1945-06-01,15.09,0.018218623481781382
1945-07-01,14.78,-0.02054340622929096
1945-08-01,14.83,0.003382949932341006
1945-09-01,15.84,0.06810519217801758
1945-10-01,16.5,0.04166666666666674
1945-11-01,17.04,0.032727272727272716
1945-12-01,17.33,0.017018779342723
1946-01-01,18.02,0.03981534910559725
1946-02-01,18.07,0.002774694783573839
1946-03-01,17.53,-0.029883785279468666
1946-04-01,18.66,0.06446092413006266
1946-05-01,18.7,0.002143622722400762
1946-06-01,18.58,-0.0064171122994652885
1946-07-01,18.05,-0.028525296017222646
1946-08-01,17.7,-0.01939058171745156
1946-09-01,15.09,-0.14745762711864407
1946-10-01,14.75,-0.022531477799867417
1946-11-01,14.69,-0.004067796610169538
1946-12-01,15.13,0.029952348536419482
1947-01-01,15.21,0.005287508261731633
1947-02-01,15.8,0.03879026955950038
1947-03-01,15.16,-0.040506329113924044
1947-04-01,14.6,-0.03693931398416894
1947-05-01,14.34,-0.017808219178082174
1947-06-01,14.84,0.03486750348675027
1947-07-01,15.77,0.06266846361185974
1947-08-01,15.46,-0.01965757767913756
1947-09-01,15.06,-0.02587322121604141
1947-10-01,15.45,0.02589641434262946
1947-11-01,15.27,-0.011650485436893177
1947-12-01,15.03,-0.015717092337917515
1948-01-01,14.83,-0.013306719893546148
1948-02-01,14.1,-0.04922454484153749
1948-03-01,14.3,0.014184397163120588
1948-04-01,15.4,0.07692307692307687
1948-05-01,16.15,0.04870129870129869
1948-06-01,16.82,0.041486068111455277
1948-07-01,16.42,-0.02378121284185486
1948-08-01,15.94,-0.02923264311814877
1948-09-01,15.76,-0.01129234629861986
1948-10-01,16.19,0.027284263959390875
1948-11-01,15.29,-0.05558987029030282
1948-12-01,15.19,-0.0065402223675604665
1949-01-01,15.36,0.011191573403555033
1949-02-01,14.77,-0.03841145833333337
1949-03-01,14.91,0.009478672985782088
1949-04-01,14.89,-0.0013413816230717357
1949-05-01,14.78,-0.007387508394895992
1949-06-01,13.97,-0.05480378890392412
1949-07-01,14.76,0.05654974946313529
1949-08-01,15.29,0.03590785907859084
1949-09-01,15.49,0.013080444735121155
1949-10-01,15.89,0.0258231116849581
1949-11-01,16.11,0.013845185651353065
1949-12-01,16.54,0.0266914959652389
1950-01-01,16.88,0.02055622732769047
1950-02-01,17.21,0.01954976303317557
1950-03-01,17.35,0.008134805345729301
1950-04-01,17.84,0.02824207492795372
1950-05-01,18.44,0.03363228699551568
1950-06-01,18.74,0.01626898047722336
1950-07-01,17.38,-0.07257203842049087
1950-08-01,18.43,0.06041426927502891
1950-09-01,19.08,0.03526858383071074
1950-10-01,19.87,0.041404612159329224
1950-11-01,19.83,-0.0020130850528435884
1950-12-01,19.75,-0.004034291477559182
1951-01-01,21.21,0.07392405063291152
1951-02-01,22.0,0.03724658180103724
1951-03-01,21.63,-0.016818181818181843
1951-04-01,21.92,0.013407304669440734
1951-05-01,21.93,0.00045620437956195303
1951-06-01,21.55,-0.017327861377108955
1951-07-01,21.93,0.017633410672853733
1951-08-01,22.89,0.04377564979480164
1951-09-01,23.48,0.02577544779379637
1951-10-01,23.36,-0.005110732538330498
1951-11-01,22.71,-0.02782534246575341
1951-12-01,23.41,0.030823425803610638
1952-01-01,24.19,0.03331909440410086
1952-02-01,23.75,-0.01818933443571724
1952-03-01,23.81,0.00252631578947371
1952-04-01,23.74,-0.0029399412011760218
1952-05-01,23.73,-0.0004212299915753448
1952-06-01,24.38,0.027391487568478645
1952-07-01,25.08,0.028712059064807116
1952-08-01,25.18,0.003987240829346206
1952-09-01,24.78,-0.015885623510722757
1952-10-01,24.26,-0.02098466505246166
1952-11-01,25.03,0.03173948887056888
1952-12-01,26.04,0.040351578106272434
1953-01-01,26.18,0.005376344086021501
1953-02-01,25.86,-0.012223071046600475
1953-03-01,25.99,0.005027068832173187
1953-04-01,24.71,-0.04924971142747203
1953-05-01,24.84,0.005261027923917361
1953-06-01,23.95,-0.03582930756843805
1953-07-01,24.29,0.014196242171189866
1953-08-01,24.39,0.004116920543433489
1953-09-01,23.27,-0.04592045920459209
1953-10-01,23.97,0.030081650193382048
1953-11-01,24.5,0.02211097204839385
1953-12-01,24.83,0.01346938775510198
1954-01-01,25.46,0.025372533225936467
1954-02-01,26.02,0.021995286724273422
1954-03-01,26.57,0.021137586471944747
1954-04-01,27.63,0.03989461799021443
1954-05-01,28.73,0.03981179876945351
1954-06-01,28.96,0.00800556909154193
1954-07-01,30.13,0.04040055248618768
1954-08-01,30.73,0.019913707268503167
1954-09-01,31.45,0.023429873088187447
1954-10-01,32.18,0.02321144674085862
1954-11-01,33.44,0.03915475450590433
1954-12-01,34.97,0.04575358851674638
1955-01-01,35.6,0.018015441807263333
1955-02-01,36.79,0.03342696629213471
1955-03-01,36.5,-0.007882576787170414
1955-04-01,37.76,0.034520547945205315
1955-05-01,37.6,-0.004237288135593098
1955-06-01,39.78,0.05797872340425525
1955-07-01,42.69,0.07315233785822017
1955-08-01,42.43,-0.0060904193019442054
1955-09-01,44.34,0.04501531934951686
1955-10-01,42.11,-0.05029318899413626
1955-11-01,44.95,0.06744241272856821
1955-12-01,45.37,0.009343715239154449
1956-01-01,44.15,-0.0268900154286974
1956-02-01,44.43,0.006342015855039573
1956-03-01,47.49,0.06887238352464564
1956-04-01,48.05,0.011791956201305354
1956-05-01,46.54,-0.03142559833506764
1956-06-01,46.27,-0.0058014611087235934
1956-07-01,48.78,0.05424681218932359
1956-08-01,48.49,-0.0059450594505945364
1956-09-01,46.84,-0.034027634563827514
1956-10-01,46.24,-0.012809564474807855
1956-11-01,45.76,-0.01038062283737029
1956-12-01,46.44,0.014860139860139787
1957-01-01,45.43,-0.02174849267872514
1957-02-01,43.47,-0.04314329738058553
1957-03-01,44.03,0.012882447665056418
1957-04-01,45.05,0.02316602316602312
1957-05-01,46.78,0.03840177580466153
1957-06-01,47.55,0.01646002565198801
1957-07-01,48.51,0.02018927444794949
1957-08-01,45.84,-0.055040197897340604
1957-09-01,43.98,-0.040575916230366604
1957-10-01,41.24,-0.0623010459299681
1957-11-01,40.35,-0.021580989330746814
1957-12-01,40.33,-0.0004956629491946751
1958-01-01,41.12,0.019588395735184783
1958-02-01,41.26,0.003404669260700377
1958-03-01,42.11,0.02060106640814352
1958-04-01,42.34,0.005461885537877187
1958-05-01,43.7,0.03212092583845072
1958-06-01,44.75,0.024027459954233388
1958-07-01,45.98,0.027486033519553033
1958-08-01,47.7,0.03740756850804705
1958-09-01,48.96,0.026415094339622636
1958-10-01,50.95,0.040645424836601274
1958-11-01,52.5,0.0304219823356231
1958-12-01,53.49,0.018857142857142906
1959-01-01,55.62,0.03982052720134588
1959-02-01,54.77,-0.01528227256382586
1959-03-01,56.16,0.025378857038524716
1959-04-01,57.1,0.016737891737891752
1959-05-01,57.96,0.015061295971978916
1959-06-01,57.46,-0.008626639061421693
1959-07-01,59.74,0.03967977723633842
1959-08-01,59.4,-0.005691329092735287
1959-09-01,57.05,-0.039562289562289576
1959-10-01,57.0,-0.0008764241893075564
1959-11-01,57.23,0.00403508771929828
1959-12-01,59.06,0.031976236239734446
1960-01-01,58.03,-0.01743989163562476
1960-02-01,55.78,-0.03877304842322937
1960-03-01,55.02,-0.013624955181068432
1960-04-01,55.73,0.01290439840058144
1960-05-01,55.22,-0.009151265027812605
1960-06-01,57.26,0.03694313654473014
1960-07-01,55.84,-0.02479916171847707
1960-08-01,56.51,0.011998567335243404
1960-09-01,54.81,-0.030083171120155683
1960-10-01,53.73,-0.019704433497537033
1960-11-01,55.47,0.032384142936906724
1960-12-01,56.8,0.023976924463674054
1961-01-01,59.72,0.051408450704225395
1961-02-01,62.17,0.041024782317481634
1961-03-01,64.12,0.03136561042303376
1961-04-01,65.83,0.026668746101060403
1961-05-01,66.5,0.01017773051800086
1961-06-01,65.62,-0.013233082706766819
1961-07-01,65.44,-0.0027430661383724964
1961-08-01,67.79,0.03591075794621035
1961-09-01,67.26,-0.007818262280572363
1961-10-01,68.0,0.01100208147487347
1961-11-01,71.08,0.04529411764705871
1961-12-01,71.74,0.00928531232414187
1962-01-01,69.07,-0.037217730694173445
1962-02-01,70.22,0.016649775589981264
1962-03-01,70.29,0.0009968669894617754
1962-04-01,68.05,-0.03186797552994747
1962-05-01,62.99,-0.07435709037472438
1962-06-01,55.63,-0.11684394348309257
1962-07-01,56.97,0.024087722451914262
1962-08-01,58.52,0.02720730208881883
1962-09-01,58.0,-0.008885850991114164
1962-10-01,56.17,-0.03155172413793106
1962-11-01,60.04,0.06889798824995541
1962-12-01,62.64,0.04330446369087282
1963-01-01,65.06,0.03863346104725407
1963-02-01,65.92,0.01321856747617578
1963-03-01,65.67,-0.003792475728155331
1963-04-01,68.76,0.047053449063499286
1963-05-01,70.14,0.02006980802792313
1963-06-01,70.11,-0.00042771599657831505
1963-07-01,69.07,-0.014833832548851844
1963-08-01,70.98,0.027653105545099255
1963-09-01,72.85,0.02634544942237227
1963-10-01,73.03,0.00247083047357588
1963-11-01,72.62,-0.005614131178967474
1963-12-01,74.17,0.02134398237400159
1964-01-01,76.45,0.03074019145206952
1964-02-01,77.39,0.012295618051013646
1964-03-01,78.8,0.018219408192272857
1964-04-01,79.94,0.014467005076142181
1964-05-01,80.72,0.009757317988491332
1964-06-01,80.24,-0.00594648166501488
1964-07-01,83.22,0.037138584247258244
1964-08-01,82.0,-0.014659937515020371
1964-09-01,83.41,0.017195121951219416
1964-10-01,84.85,0.017264117012348645
1964-11-01,85.44,0.00695344725987046
1964-12-01,83.96,-0.017322097378277168
1965-01-01,86.12,0.025726536445926707
1965-02-01,86.75,0.007315373896888078
1965-03-01,86.83,0.0009221902017291228
1965-04-01,87.97,0.013129102844638973
1965-05-01,89.28,0.014891440263726352
1965-06-01,85.04,-0.04749103942652322
1965-07-01,84.91,-0.0015286923800565955
1965-08-01,86.49,0.0186079378165116
1965-09-01,89.38,0.033414267545381016
1965-10-01,91.39,0.02248825240545993
1965-11-01,92.15,0.008316008316008316
1965-12-01,91.73,-0.004557786218122639
1966-01-01,93.32,0.017333478687452164
1966-02-01,92.69,-0.006750964423488992
1966-03-01,88.88,-0.04110475779479994
1966-04-01,91.6,0.03060306030603055
1966-05-01,86.78,-0.05262008733624446
1966-06-01,86.06,-0.008296842590458597
1966-07-01,85.84,-0.0025563560306762767
1966-08-01,80.65,-0.06046132339235788
1966-09-01,77.81,-0.035213887166769986
1966-10-01,77.13,-0.008739236601979283
1966-11-01,80.99,0.05004537793335917
1966-12-01,81.33,0.004198049141869387
1967-01-01,84.45,0.03836222796016231
1967-02-01,87.36,0.03445825932504443
1967-03-01,89.42,0.023580586080585997
1967-04-01,90.96,0.01722209796466112
1967-05-01,92.59,0.01791996481970104
1967-06-01,91.43,-0.012528350793822196
1967-07-01,93.01,0.017280979984687805
1967-08-01,94.49,0.01591226749811847
1967-09-01,95.81,0.01396973224679865
1967-10-01,95.66,-0.0015655985805239636
1967-11-01,92.66,-0.03136107045787162
1967-12-01,95.3,0.028491258363910976
1968-01-01,95.04,-0.0027282266526756915
1968-02-01,90.75,-0.04513888888888895
1968-03-01,89.09,-0.018292011019283683
1968-04-01,95.67,0.07385789650914809
1968-05-01,97.87,0.02299571443503723
1968-06-01,100.5,0.026872381730867367
1968-07-01,100.3,-0.0019900497512438386
1968-08-01,98.11,-0.021834496510468537
1968-09-01,101.3,0.03251452451330139
1968-10-01,103.8,0.024679170779861703
1968-11-01,105.4,0.015414258188824803
1968-12-01,106.5,0.010436432637571214
1969-01-01,102.0,-0.04225352112676062
1969-02-01,101.5,-0.004901960784313708
1969-03-01,99.3,-0.021674876847290636
1969-04-01,101.3,0.020140986908358416
1969-05-01,104.6,0.03257650542941759
1969-06-01,99.14,-0.0521988527724665
1969-07-01,94.71,-0.044684284849707545
1969-08-01,94.18,-0.005596029986273732
1969-09-01,94.51,0.003503928647271115
1969-10-01,95.52,0.010686699820124712
1969-11-01,96.21,0.007223618090452133
1969-12-01,91.11,-0.053009042719052046
1970-01-01,90.31,-0.008780594885303472
1970-02-01,87.16,-0.03487985826597284
1970-03-01,88.65,0.017094997705369597
1970-04-01,85.95,-0.030456852791878153
1970-05-01,76.06,-0.11506689936009307
1970-06-01,75.59,-0.006179332106231894
1970-07-01,75.72,0.0017198042069055397
1970-08-01,77.92,0.02905441098785011
1970-09-01,82.58,0.0598049281314168
1970-10-01,84.37,0.021675950593364135
1970-11-01,84.28,-0.0010667298802892189
1970-12-01,90.05,0.06846226862838156
1971-01-01,93.49,0.03820099944475297
1971-02-01,97.11,0.038720718793453957
1971-03-01,99.6,0.02564102564102555
1971-04-01,103.0,0.034136546184738936
1971-05-01,101.6,-0.013592233009708798
1971-06-01,99.72,-0.018503937007874005
1971-07-01,99.0,-0.0072202166064981865
1971-08-01,97.24,-0.01777777777777778
1971-09-01,99.4,0.02221308103661057
1971-10-01,97.29,-0.02122736418511062
1971-11-01,92.78,-0.04635625449686509
1971-12-01,99.17,0.06887260185384791
1972-01-01,103.3,0.041645658969446275
1972-02-01,105.2,0.018393030009680622
1972-03-01,107.7,0.023764258555132978
1972-04-01,108.8,0.01021355617455888
1972-05-01,107.7,-0.010110294117646967
1972-06-01,108.0,0.0027855153203342198
1972-07-01,107.2,-0.007407407407407418
1972-08-01,111.0,0.035447761194029814
1972-09-01,109.4,-0.014414414414414378
1972-10-01,109.6,0.001828153564899404
1972-11-01,115.1,0.050182481751824826
1972-12-01,117.5,0.020851433536055675
1973-01-01,118.4,0.007659574468085184
1973-02-01,114.2,-0.03547297297297303
1973-03-01,112.4,-0.015761821366024442
1973-04-01,110.3,-0.018683274021352392
1973-05-01,107.2,-0.02810516772438798
1973-06-01,104.8,-0.022388059701492602
1973-07-01,105.8,0.009541984732824416
1973-08-01,103.8,-0.018903591682419618
1973-09-01,105.6,0.01734104046242768
1973-10-01,109.8,0.03977272727272729
1973-11-01,102.0,-0.07103825136612019
1973-12-01,94.78,-0.07078431372549021
1974-01-01,96.11,0.014032496307237796
1974-02-01,93.45,-0.02767662053896569
1974-03-01,97.44,0.04269662921348316
1974-04-01,92.46,-0.05110837438423654
1974-05-01,89.67,-0.030175210902011584
1974-06-01,89.79,0.0013382402141184357
1974-07-01,79.31,-0.11671678360619231
1974-08-01,76.03,-0.04135670155087634
1974-09-01,68.12,-0.10403787978429557
1974-10-01,69.44,0.019377568995889494
1974-11-01,71.74,0.03312211981566815
1974-12-01,67.07,-0.06509618065235578
1975-01-01,72.56,0.08185477858953338
1975-02-01,80.1,0.10391400220507152
1975-03-01,83.78,0.04594257178526839
1975-04-01,84.72,0.011219861542134169
1975-05-01,90.1,0.06350330500472134
1975-06-01,92.4,0.025527192008879096
1975-07-01,92.49,0.0009740259740258495
1975-08-01,85.71,-0.0733052221861823
1975-09-01,84.67,-0.012133940030334744
1975-10-01,88.57,0.04606117869375215
1975-11-01,90.07,0.01693575702833927
1975-12-01,88.7,-0.015210391917397481
1976-01-01,96.86,0.09199549041713628
1976-02-01,100.6,0.03861243031179007
1976-03-01,101.1,0.00497017892644136
1976-04-01,101.9,0.00791295746785381
1976-05-01,101.2,-0.006869479882237517
1976-06-01,101.8,0.005928853754940677
1976-07-01,104.2,0.023575638506876384
1976-08-01,103.3,-0.008637236084452993
1976-09-01,105.5,0.021297192642788065
1976-10-01,101.9,-0.034123222748815074
1976-11-01,101.2,-0.006869479882237517
1976-12-01,104.7,0.03458498023715406
1977-01-01,103.8,-0.008595988538682042
1977-02-01,101.0,-0.026974951830443183
1977-03-01,100.6,-0.003960396039603964
1977-04-01,99.05,-0.015407554671968193
1977-05-01,98.76,-0.0029278142352346936
1977-06-01,99.29,0.005366545159983804
1977-07-01,100.2,0.00916507201128014
1977-08-01,97.75,-0.024451097804391253
1977-09-01,96.23,-0.015549872122762154
1977-10-01,93.74,-0.025875506598773912
1977-11-01,94.28,0.005760614465543101
1977-12-01,93.82,-0.004879083580823118
1978-01-01,90.25,-0.03805158814751641
1978-02-01,88.98,-0.014072022160664721
1978-03-01,88.82,-0.0017981568891887179
1978-04-01,92.71,0.043796442242738154
1978-05-01,97.41,0.050695717829791764
1978-06-01,97.66,0.0025664716148239286
1978-07-01,97.19,-0.0048126151955765195
1978-08-01,103.9,0.0690400246938987
1978-09-01,103.9,0.0
1978-10-01,100.6,-0.031761308950914446
1978-11-01,94.71,-0.05854870775347909
1978-12-01,96.11,0.014781966001478297
1979-01-01,99.71,0.03745708042867535
1979-02-01,98.23,-0.014843044830006868
1979-03-01,100.1,0.019036954087345848
1979-04-01,102.1,0.01998001998001997
1979-05-01,99.73,-0.023212536728697275
1979-06-01,101.7,0.01975333400180479
1979-07-01,102.7,0.009832841691248762
1979-08-01,107.4,0.04576436222005853
1979-09-01,108.6,0.011173184357541777
1979-10-01,104.5,-0.03775322283609572
1979-11-01,103.7,-0.007655502392344471
1979-12-01,107.8,0.039537126325940086
1980-01-01,110.9,0.0287569573283859
1980-02-01,115.3,0.039675383228133354
1980-03-01,104.7,-0.09193408499566347
1980-04-01,103.0,-0.01623686723973261
1980-05-01,107.7,0.04563106796116512
1980-06-01,114.6,0.06406685236768794
1980-07-01,119.8,0.04537521815008727
1980-08-01,123.5,0.03088480801335569
1980-09-01,126.5,0.02429149797570851
1980-10-01,130.2,0.02924901185770734
1980-11-01,135.7,0.04224270353302617
1980-12-01,133.5,-0.016212232866617438
1981-01-01,133.0,-0.0037453183520599342
1981-02-01,128.4,-0.0345864661654135
1981-03-01,133.2,0.03738317757009324
1981-04-01,134.4,0.009009009009009139
1981-05-01,131.7,-0.02008928571428581
1981-06-01,132.3,0.004555808656036664
1981-07-01,129.1,-0.024187452758881456
1981-08-01,129.6,0.0038729666924863793
1981-09-01,118.3,-0.08719135802469136
1981-10-01,119.8,0.012679628064243387
1981-11-01,122.9,0.025876460767946696
1981-12-01,123.8,0.007323026851098424
1982-01-01,117.3,-0.05250403877221321
1982-02-01,114.5,-0.023870417732310245
1982-03-01,110.8,-0.03231441048034933
1982-04-01,116.3,0.04963898916967513
1982-05-01,116.4,0.0008598452278589797
1982-06-01,109.7,-0.05756013745704469
1982-07-01,109.4,-0.0027347310847766204
1982-08-01,109.7,0.002742230347349217
1982-09-01,122.4,0.11577028258887889
1982-10-01,132.7,0.08415032679738554
1982-11-01,138.1,0.040693293142426645
1982-12-01,139.4,0.009413468501086264
1983-01-01,144.3,0.035150645624103305
1983-02-01,146.8,0.017325017325017233
1983-03-01,151.9,0.03474114441416898
1983-04-01,157.7,0.03818301514154032
1983-05-01,164.1,0.0405833861762841
1983-06-01,166.4,0.014015843997562616
1983-07-01,167.0,0.0036057692307691624
1983-08-01,162.4,-0.02754491017964067
1983-09-01,167.2,0.029556650246305383
1983-10-01,167.7,0.0029904306220096544
1983-11-01,165.2,-0.01490757304710788
1983-12-01,164.4,-0.004842615012106477
1984-01-01,166.4,0.012165450121654597
1984-02-01,157.3,-0.0546875
1984-03-01,157.4,0.0006357279084552303
1984-04-01,157.6,0.0012706480304955914
1984-05-01,156.6,-0.006345177664974666
1984-06-01,153.1,-0.022349936143039595
1984-07-01,151.1,-0.013063357282821708
1984-08-01,164.4,0.08802117802779619
1984-09-01,166.1,0.010340632603406341
1984-10-01,164.8,-0.007826610475616946
1984-11-01,166.3,0.00910194174757284
1984-12-01,164.5,-0.010823812387252052
1985-01-01,171.6,0.04316109422492387
1985-02-01,180.9,0.054195804195804165
1985-03-01,179.4,-0.008291873963515717
1985-04-01,180.6,0.006688963210702337
1985-05-01,184.9,0.023809523809523947
1985-06-01,188.9,0.021633315305570555
1985-07-01,192.5,0.019057702488088912
1985-08-01,188.3,-0.021818181818181737
1985-09-01,184.1,-0.02230483271375472
1985-10-01,186.2,0.011406844106463865
1985-11-01,197.5,0.06068743286788414
1985-12-01,207.3,0.04962025316455709
1986-01-01,208.2,0.004341534008682979
1986-02-01,219.4,0.053794428434198016
1986-03-01,232.3,0.05879671832269828
1986-04-01,238.0,0.02453723633232885
1986-05-01,238.5,0.0021008403361344463
1986-06-01,245.3,0.028511530398322993
1986-07-01,240.2,-0.020790868324500722
1986-08-01,245.0,0.019983347210657865
1986-09-01,238.3,-0.0273469387755102
1986-10-01,237.4,-0.003776751993285754
1986-11-01,245.1,0.03243470935130577
1986-12-01,248.6,0.01427988576091388
1987-01-01,264.5,0.06395816572807722
1987-02-01,280.9,0.062003780718336454
1987-03-01,292.5,0.04129583481666077
1987-04-01,289.3,-0.010940170940170857
1987-05-01,289.1,-0.0006913238852401804
1987-06-01,301.4,0.04254583189207861
1987-07-01,310.1,0.028865295288653003
1987-08-01,329.4,0.06223798774588829
1987-09-01,318.7,-0.032483302975106265
1987-10-01,280.2,-0.12080326325698154
1987-11-01,245.0,-0.12562455389007843
1987-12-01,241.0,-0.01632653061224487
1988-01-01,250.5,0.03941908713692954
1988-02-01,258.1,0.030339321357285565
1988-03-01,265.7,0.02944595118171245
1988-04-01,262.6,-0.01166729394053434
1988-05-01,256.1,-0.024752475247524774
1988-06-01,270.7,0.0570089808668488
1988-07-01,269.1,-0.005910602142593202
1988-08-01,263.7,-0.02006688963210712
1988-09-01,268.0,0.01630640879787637
1988-10-01,277.4,0.03507462686567164
1988-11-01,271.0,-0.02307137707281892
1988-12-01,276.5,0.02029520295202958
1989-01-01,285.4,0.032188065099457486
1989-02-01,294.0,0.030133146461107208
1989-03-01,292.7,-0.004421768707483009
1989-04-01,302.3,0.03279808677827134
1989-05-01,313.9,0.038372477671187344
1989-06-01,323.7,0.031220133800573535
1989-07-01,331.9,0.025332097621254324
1989-08-01,346.6,0.044290448930400794
1989-09-01,347.3,0.00201961915753035
1989-10-01,347.4,0.00028793550244743393
1989-11-01,340.2,-0.020725388601036232
1989-12-01,348.6,0.024691358024691468
1990-01-01,339.97,-0.02475616752725185
1990-02-01,330.45,-0.028002470806247737
1990-03-01,338.46,0.024239673172945952
1990-04-01,338.18,-0.0008272764876202654
1990-05-01,350.25,0.03569105210243073
1990-06-01,360.39,0.028950749464668135
1990-07-01,360.03,-0.0009989178390077402
1990-08-01,330.75,-0.08132655612032325
1990-09-01,315.41,-0.04637944066515487
1990-10-01,307.12,-0.026283250372531097
1990-11-01,315.29,0.02660197968220901
1990-12-01,328.75,0.04269085603729894
1991-01-01,325.49,-0.009916349809885872
1991-02-01,362.26,0.11296814034225311
1991-03-01,372.28,0.02765969193397
1991-04-01,379.68,0.019877511550445925
1991-05-01,377.99,-0.0044511167298777465
1991-06-01,378.29,0.0007936717902590207
1991-07-01,380.23,0.005128340691004318
1991-08-01,389.4,0.024116981826789008
1991-09-01,387.2,-0.005649717514124242
1991-10-01,386.88,-0.0008264462809917106
1991-11-01,385.92,-0.002481389578163684
1991-12-01,388.51,0.0067112354892204795
1992-01-01,416.08,0.07096342436488112
1992-02-01,412.56,-0.008459911555470101
1992-03-01,407.36,-0.012604227263913081
1992-04-01,407.41,0.00012274155538105624
1992-05-01,414.81,0.018163520777594977
1992-06-01,408.27,-0.015766254429739
1992-07-01,415.05,0.016606657359100607
1992-08-01,417.93,0.006938923021322818
1992-09-01,418.48,0.0013160098581102009
1992-10-01,412.5,-0.01428981074364366
1992-11-01,422.84,0.02506666666666657
1992-12-01,435.64,0.03027149749314173
1993-01-01,435.23,-0.0009411440639058855
1993-02-01,441.7,0.014865703191415891
1993-03-01,450.16,0.019153271451211262
1993-04-01,443.08,-0.015727741247556493
1993-05-01,445.25,0.004897535433781686
1993-06-01,448.06,0.00631106120157221
1993-07-01,447.29,-0.001718519841092725
1993-08-01,454.13,0.01529209237854623
1993-09-01,459.24,0.01125228458811356
1993-10-01,463.9,0.010147199721278533
1993-11-01,462.89,-0.002177193360638041
1993-12-01,465.95,0.00661064183715343
1994-01-01,472.99,0.015108917265800992
1994-02-01,471.58,-0.002981035539863508
1994-03-01,463.81,-0.016476525722040725
1994-04-01,447.23,-0.03574739656324788
1994-05-01,450.9,0.008206068465890004
1994-06-01,454.83,0.008715901530272907
1994-07-01,451.4,-0.007541279159246295
1994-08-01,464.24,0.02844483828090394
1994-09-01,466.96,0.005859038428398966
1994-10-01,463.81,-0.006745759808120533
1994-11-01,461.01,-0.006036954787520754
1994-12-01,455.19,-0.012624455000976087
1995-01-01,465.25,0.022100661262330012
1995-02-01,481.92,0.03583019881784
1995-03-01,493.15,0.023302622841965492
1995-04-01,507.91,0.029930041569502297
1995-05-01,523.81,0.03130475871709537
1995-06-01,539.35,0.029667245757049487
1995-07-01,557.37,0.03341058681746545
1995-08-01,559.11,0.0031218041875236135
1995-09-01,578.77,0.035163026953551224
1995-10-01,582.92,0.007170378561431878
1995-11-01,595.53,0.021632471008028675
1995-12-01,614.57,0.03197152116602031
1996-01-01,614.42,-0.00024407309175533687
1996-02-01,649.54,0.05715959766934664
1996-03-01,647.07,-0.0038026911352647685
1996-04-01,647.17,0.00015454278516990883
1996-05-01,661.23,0.021725358097563374
1996-06-01,668.5,0.010994661464240885
1996-07-01,644.07,-0.036544502617800956
1996-08-01,662.68,0.02889437483503321
1996-09-01,674.88,0.01841009235226654
1996-10-01,701.46,0.03938477951635844
1996-11-01,735.67,0.04876970889288046
1996-12-01,743.25,0.010303532834015305
1997-01-01,766.22,0.030904809956273205
1997-02-01,798.39,0.0419853305839053
1997-03-01,792.16,-0.007803203947945314
1997-04-01,763.93,-0.035636740052514715
1997-05-01,833.09,0.09053185501289396
1997-06-01,876.29,0.05185514170137662
1997-07-01,925.29,0.055917561537847105
1997-08-01,927.24,0.0021074473948707872
1997-09-01,937.02,0.010547431085802916
1997-10-01,951.16,0.015090392947855857
1997-11-01,938.92,-0.012868497413684343
1997-12-01,962.37,0.02497550377028923
1998-01-01,963.36,0.0010287103712709467
1998-02-01,1023.74,0.0626764657033716
1998-03-01,1076.83,0.05185887041631654
1998-04-01,1112.2,0.03284641029688995
1998-05-01,1108.42,-0.003398669304081947
1998-06-01,1108.39,-2.7065552768767986e-05
1998-07-01,1156.58,0.04347747633955534
1998-08-01,1074.62,-0.07086409932732718
1998-09-01,1020.64,-0.05023170981370151
1998-10-01,1032.47,0.011590766577833644
1998-11-01,1144.43,0.10843898612066205
1998-12-01,1190.05,0.03986263904301701
1999-01-01,1248.77,0.04934246460232772
1999-02-01,1246.58,-0.0017537256660554723
1999-03-01,1281.66,0.028140993758924537
1999-04-01,1334.76,0.04143064463274193
1999-05-01,1332.07,-0.0020153435823668797
1999-06-01,1322.55,-0.007146771566058807
1999-07-01,1380.99,0.04418736531700129
1999-08-01,1327.49,-0.03874032397048499
1999-09-01,1318.17,-0.00702076851803024
1999-10-01,1300.01,-0.013776675239157377
1999-11-01,1391.0,0.06999176929408235
1999-12-01,1428.68,0.027088425593098542
2000-01-01,1425.59,-0.0021628356244925984
2000-02-01,1388.87,-0.02575775643768552
2000-03-01,1442.21,0.03840532231238347
2000-04-01,1461.36,0.013278232712295557
2000-05-01,1418.48,-0.02934253024579836
2000-06-01,1461.96,0.030652529468163214
2000-07-01,1473.0,0.007551506197160052
2000-08-01,1485.46,0.008458927359131119
2000-09-01,1468.05,-0.011720275200947872
2000-10-01,1390.14,-0.05307039950955339
2000-11-01,1378.04,-0.0087041592933087
2000-12-01,1330.93,-0.03418623552291655
2001-01-01,1335.63,0.003531365285927901
2001-02-01,1305.75,-0.02237146515127697
2001-03-01,1185.85,-0.09182462186482876
2001-04-01,1189.84,0.003364675127545569
2001-05-01,1270.37,0.0676813689235527
2001-06-01,1238.71,-0.024921873155065
2001-07-01,1204.45,-0.027657805297446547
2001-08-01,1178.5,-0.02154510357424555
2001-09-01,1044.64,-0.11358506576156124
2001-10-01,1076.59,0.030584699035074214
2001-11-01,1129.68,0.04931310898299279
2001-12-01,1144.93,0.01349939805962741
2002-01-01,1140.21,-0.004122522774318127
2002-02-01,1100.67,-0.03467782250638041
2002-03-01,1153.79,0.04826151344181251
2002-04-01,1111.93,-0.0362804323143725
2002-05-01,1079.25,-0.0293903393199213
2002-06-01,1014.02,-0.06044012045401903
2002-07-01,903.59,-0.10890317745212119
2002-08-01,912.55,0.009916001726446577
2002-09-01,867.81,-0.049027450550654716
2002-10-01,854.63,-0.015187656284209594
2002-11-01,909.93,0.06470636415758868
2002-12-01,899.18,-0.011814095589770646
2003-01-01,895.84,-0.003714495429168685
2003-02-01,837.03,-0.06564788355063411
2003-03-01,846.63,0.011469122970502843
2003-04-01,890.03,0.051262062530267105
2003-05-01,935.96,0.05160500207858165
2003-06-01,988.0,0.05560066669515784
2003-07-01,992.54,0.00459514170040487
2003-08-01,989.53,-0.003032623370342713
2003-09-01,1019.44,0.030226471152971612
2003-10-01,1038.73,0.0189221533390882
2003-11-01,1049.9,0.010753516313190215
2003-12-01,1080.64,0.029278978950376233
2004-01-01,1132.52,0.048008587503701294
2004-02-01,1143.36,0.00957157489492455
2004-03-01,1123.98,-0.016950041981528052
2004-04-01,1133.36,0.008345344223206652
2004-05-01,1102.78,-0.026981718077221606
2004-06-01,1132.76,0.027185839424001212
2004-07-01,1105.85,-0.023756135456760585
2004-08-01,1088.94,-0.015291404801736075
2004-09-01,1117.66,0.02637427222803823
2004-10-01,1117.21,-0.00040262691695147623
2004-11-01,1168.94,0.046302843690980255
2004-12-01,1199.21,0.02589525553065175
2005-01-01,1181.41,-0.014843105044153981
2005-02-01,1199.63,0.015422249684698741
2005-03-01,1194.9,-0.003942882388736524
2005-04-01,1164.43,-0.025500041844505827
2005-05-01,1178.28,0.011894231512413755
2005-06-01,1202.25,0.020343212139729117
2005-07-01,1222.24,0.016627157413183546
2005-08-01,1224.27,0.0016608849325827624
2005-09-01,1225.92,0.0013477419196745721
2005-10-01,1191.96,-0.027701644479248277
2005-11-01,1237.37,0.038096916003892645
2005-12-01,1262.07,0.019961692945521525
2006-01-01,1278.73,0.013200535627976295
2006-02-01,1276.65,-0.0016266139059848417
2006-03-01,1293.74,0.013386597736262829
2006-04-01,1302.17,0.006515992394144243
2006-05-01,1290.01,-0.009338258445517944
2006-06-01,1253.17,-0.0285579181556731
2006-07-01,1260.24,0.005641692667395448
2006-08-01,1287.15,0.02135307560464672
2006-09-01,1317.74,0.02376568387522826
2006-10-01,1363.38,0.03463505699151592
2006-11-01,1388.64,0.01852748316683539
2006-12-01,1416.42,0.020005184929139386
2007-01-01,1424.16,0.005464480874316946
2007-02-01,1444.8,0.014492753623188248
2007-03-01,1406.95,-0.02619739756367656
2007-04-01,1463.64,0.04029283201250933
2007-05-01,1511.14,0.03245333551966323
2007-06-01,1514.19,0.00201834376695742
2007-07-01,1520.71,0.004305932544792945
2007-08-01,1454.62,-0.043459962780543426
2007-09-01,1497.12,0.029217252615803435
2007-10-01,1539.66,0.02841455594741915
2007-11-01,1463.39,-0.04953691074652844
2007-12-01,1479.22,0.010817348758703993
2008-01-01,1378.76,-0.06791417098200403
2008-02-01,1354.87,-0.01732716353825181
2008-03-01,1316.94,-0.027995305822698713
2008-04-01,1370.47,0.040647258037571854
2008-05-01,1403.22,0.023896911278612487
2008-06-01,1341.25,-0.04416271147788664
2008-07-01,1257.33,-0.06256849953401677
2008-08-01,1281.47,0.019199414632594447
2008-09-01,1216.95,-0.050348427977244814
2008-10-01,968.8,-0.20391141788898481
2008-11-01,883.04,-0.08852188274153594
2008-12-01,877.56,-0.006205834390288101
2009-01-01,865.58,-0.013651488217329755
2009-02-01,805.23,-0.06972203609140692
2009-03-01,757.13,-0.059734485799088466
2009-04-01,848.15,0.12021713576268267
2009-05-01,902.41,0.06397453280669696
2009-06-01,926.12,0.02627408827473099
2009-07-01,935.82,0.010473804690536825
2009-08-01,1009.73,0.07897886345664751
2009-09-01,1044.55,0.034484466144414805
2009-10-01,1067.66,0.02212435977215077
2009-11-01,1088.07,0.019116572691680656
2009-12-01,1110.38,0.020504195502127676
2010-01-01,1123.58,0.011887822186998909
2010-02-01,1089.16,-0.0306342227522739
2010-03-01,1152.05,0.05774174593264525
2010-04-01,1197.32,0.03929516948049128
2010-05-01,1125.06,-0.06035145157518462
2010-06-01,1083.36,-0.037064689883206325
2010-07-01,1079.8,-0.003286072958204045
2010-08-01,1087.28,0.006927208742359747
2010-09-01,1122.08,0.03200647487307773
2010-10-01,1171.58,0.044114501639811676
2010-11-01,1198.89,0.023310401338363818
2010-12-01,1241.53,0.0355662320980239
2011-01-01,1282.62,0.033096260259518395
2011-02-01,1321.12,0.030016684598711985
2011-03-01,1304.49,-0.012587804287271354
2011-04-01,1331.51,0.02071307560809199
2011-05-01,1338.31,0.00510698380034702
2011-06-01,1287.29,-0.03812270699613696
2011-07-01,1325.19,0.029441695344483376
2011-08-01,1185.31,-0.10555467517865369
2011-09-01,1173.88,-0.00964304696661622
2011-10-01,1207.22,0.02840154019150165
2011-11-01,1226.42,0.01590430907373963
2011-12-01,1243.32,0.013779944880220274
2012-01-01,1300.58,0.046054113180838296
2012-02-01,1352.49,0.03991296190930216
2012-03-01,1389.24,0.0271721047845086
2012-04-01,1386.43,-0.0020226886643056607
2012-05-01,1341.27,-0.03257286700374351
2012-06-01,1323.48,-0.013263548726207275
2012-07-01,1359.78,0.027427690633783586
2012-08-01,1403.45,0.03211548927032326
2012-09-01,1443.42,0.028479817592361734
2012-10-01,1437.82,-0.0038796746615678
2012-11-01,1394.51,-0.030121990235217222
2012-12-01,1422.29,0.019920975826634324
2013-01-01,1480.4,0.040856646675431874
2013-02-01,1512.31,0.02155498513915144
2013-03-01,1550.83,0.02547096825386319
2013-04-01,1570.7,0.012812493954849957
2013-05-01,1639.84,0.04401859043738443
2013-06-01,1618.77,-0.012848814518489515
2013-07-01,1668.68,0.030832051495888857
2013-08-01,1670.09,0.000844979265047785
2013-09-01,1687.17,0.010226993754827607
2013-10-01,1720.03,0.01947640131107109
2013-11-01,1783.54,0.03692377458532703
2013-12-01,1807.78,0.013590948338697117
2014-01-01,1822.36,0.00806514066977182
2014-02-01,1817.04,-0.00291929146820602
2014-03-01,1863.52,0.025580064280368076
2014-04-01,1864.26,0.0003970979651413131
2014-05-01,1889.77,0.013683713645092466
2014-06-01,1947.09,0.0303317334913773
2014-07-01,1973.1,0.013358396376130566
2014-08-01,1961.53,-0.005863869038568725
2014-09-01,1993.23,0.016160854027213567
2014-10-01,1937.27,-0.028075033990056397
2014-11-01,2044.57,0.05538722016032871
2014-12-01,2054.27,0.0047442738570946386
2015-01-01,2028.18,-0.01270037531580559
2015-02-01,2082.2,0.026634716839728068
2015-03-01,2079.99,-0.001061377389299789
2015-04-01,2094.86,0.007149072832081105
2015-05-01,2111.94,0.008153289479965187
2015-06-01,2099.29,-0.005989753496784989
2015-07-01,2094.14,-0.002453210371125558
2015-08-01,2039.87,-0.025915172815571097
2015-09-01,1944.41,-0.04679709981518421
2015-10-01,2024.81,0.04134930390195479
2015-11-01,2080.62,0.027563079992690698
2015-12-01,2054.08,-0.012755813171073993
2016-01-01,1918.6,-0.06595653528587009
2016-02-01,1904.42,-0.007390805795892796
2016-03-01,2021.95,0.061714327721825946
2016-04-01,2075.54,0.026504117312495357
2016-05-01,2065.55,-0.004813205238154761
2016-06-01,2083.89,0.00887899106775425
2016-07-01,2148.9,0.03119646430473777
2016-08-01,2170.95,0.010261063800083736
2016-09-01,2157.69,-0.006107925101913825
2016-10-01,2143.02,-0.006798937752874656
2016-11-01,2164.99,0.010251887523214709
2016-12-01,2246.63,0.037709181104762735
2017-01-01,2275.12,0.012681215865540718
2017-02-01,2329.91,0.02408224621118893
2017-03-01,2366.82,0.015841813632286428
2017-04-01,2359.31,-0.003173033859778185
2017-05-01,2395.35,0.01527565262725128
2017-06-01,2433.99,0.016131254305216336
2017-07-01,2454.1,0.00826215391188967
2017-08-01,2456.22,0.0008638604783830495
2017-09-01,2492.84,0.014909087948148159
2017-10-01,2557.0,0.025737712809486224
2017-11-01,2593.61,0.014317559640203426
2017-12-01,2664.34,0.027270869560188205
2018-01-01,2789.8,0.04708858479022959
2018-02-01,2705.16,-0.030339092408057988
2018-03-01,2702.77,-0.0008834967247778325
2018-04-01,2653.63,-0.01818134728445253
2018-05-01,2701.49,0.018035671890956895
2018-06-01,2754.35,0.019566979703793175
2018-07-01,2793.64,0.014264708551926963
2018-08-01,2857.82,0.022973611488953605
2018-09-01,2901.5,0.015284377602508226
2018-10-01,2785.46,-0.03999310701361358
2018-11-01,2723.23,-0.02234101369253194
2018-12-01,2567.31,-0.05725553845984366
2019-01-01,2607.39,0.015611671360295398
2019-02-01,2754.86,0.05655847418299542
2019-03-01,2803.98,0.017830307166244452
2019-04-01,2903.8,0.03559939799855916
2019-05-01,2854.71,-0.01690543425855784
2019-06-01,2890.17,0.012421576972792447
2019-07-01,2996.1136363636365,0.03665654143653718
2019-08-01,2897.498181818182,-0.03291445736522314
2019-09-01,2982.156,0.029217556964503455
2019-10-01,2977.68,-0.001500927516870365
2019-11-01,3104.9045,0.042726048467263134
2019-12-01,3176.7495238095235,0.023139205669457263
2020-01-01,3278.2028571428577,0.03193620792981888
2020-02-01,3277.3142105263164,-0.00027107737234899343
2020-03-01,2652.3936363636367,-0.19068070194658615
2020-04-01,2761.975238095238,0.04131423037262105
2020-05-01,2919.615,0.05707500912045682
2020-06-01,3104.6609090909087,0.06338024331663905
2020-07-01,3207.6190909090906,0.033162456330321
2020-08-01,3391.71,0.05739176126387724
2020-09-01,3365.5166666666664,-0.007722751453789867
2020-10-01,3418.701363636364,0.015802832740796857
2020-11-01,3548.992500000001,0.03811129505182942
2020-12-01,3695.31,0.04122789777662206
2021-01-01,3793.748421052632,0.02663874507216768
2021-02-01,3883.4321052631576,0.02363986070158064
2021-03-01,3910.5082608695648,0.00697222324801583
2021-04-01,4141.176190476191,0.05898668771903659
2021-05-01,4167.849500000001,0.006440998474093851
2021-06-01,4238.489545454546,0.016948799483893273
2021-07-01,4363.7128571428575,0.029544324775462538
2021-08-01,4454.206363636363,0.020737731710595675
2021-09-01,4445.543333333333,-0.0019449099560706617
2021-10-01,4460.707142857143,0.0034110137697025422
2021-11-01,4667.386666666667,0.046333354150020156
2021-12-01,4674.772727272726,0.00158248311818876
2022-01-01,4573.8155,-0.021596178715542647
2022-02-01,4435.980526315789,-0.030135665438234427
2022-03-01,4391.265217391306,-0.01008014094273324
2022-04-01,4391.295999999999,7.0099634545961464e-06
2022-05-01,4040.36,-0.07991627073192042
2022-06-01,3898.946666666668,-0.035000181501978034
2022-07-01,3911.729499999999,0.003278535057331
2022-08-01,4158.5630434782615,0.06310087225567673
2022-09-01,3850.520476190475,-0.0740742809636803
2022-10-01,3726.050952380952,-0.03232537642097355
2022-11-01,3917.488571428571,0.05137815384013744
2022-12-01,3912.380952380953,-0.0013037993486105792
2023-01-01,3960.6565,0.012339173563777894
2023-02-01,4079.684736842105,0.030052653352317993
2023-03-01,3968.559130434783,-0.027238772987478233
2023-04-01,4121.467368421053,0.03852991298872688
2023-05-01,4146.173181818183,0.005994421692241847
2023-06-01,4345.372857142857,0.04804422453895696
2023-07-01,4508.075500000001,0.03744273465272263
2023-08-01,4457.358695652174,-0.011250211836032253
2023-09-01,4515.77,0.013104465746677008
2023-10-01,4269.4,-0.054557694479568486
2023-11-01,4460.06,0.044657328898674464
2023-12-01,4685.05,0.05044550970166317
2024-01-01,4804.49,0.025493858123178947
2024-02-01,5011.96,0.04318252301492986
2024-03-01,5170.57,0.03164630204550711
2024-04-01,5112.49,-0.01123280412024208
2024-05-01,5235.23,0.024007870920040864
2024-06-01,5415.14,0.034365252338483865
2024-07-01,5538.0,0.022688240747238186
2024-08-01,5478.21,-0.01079631635969669
2024-09-01,5621.26,0.026112544060925114
2024-10-01,5792.32,0.03043089983384495
2024-11-01,5929.92,0.02375559361361268
2024-12-01,6010.91,0.013657857104311555
2025-01-01,5979.52,-0.0052221710190303305
2025-02-01,6038.69,0.009895443112490465
2025-03-01,5683.98,-0.058739561063740675
2025-04-01,5369.5,-0.05532742901980647
2025-05-01,5810.92,0.0822087717664588
2025-06-01,6029.95,0.03769282660921158
2025-07-01,6296.5,0.044204346636373515
2025-08-01,6408.95,0.017859128087032383
2025-09-01,6584.02,0.027316487100071063
2025-10-01,6735.69,0.02303607826221654
2025-11-01,6740.89,0.0007720070252641431
2025-12-01,6853.03,0.016635785482332466
2026-01-01,6929.12,0.011103117890918446
2026-02-01,6919.47,-0.001392673239891895
2026-03-01,6654.42,-0.03830495688253588
2026-04-01,6579.0,-0.011333820227758418
